{"logits": {"_type": "histogram", "values": [1, 0, 0, 0, 0, 0, 0, 0, 1, 0, 0, 2, 1, 1, 0, 1, 1, 1, 0, 2, 3, 2, 1, 2, 3, 3, 3, 6, 1, 3, 4, 5, 3, 8, 8, 4, 7, 7, 11, 8, 12, 13, 8, 18, 14, 13, 18, 15, 8, 13, 16, 13, 9, 13, 14, 12, 11, 15, 8, 5, 3, 3, 4, 39], "bins": [-47.91383743286133, -47.165184020996094, -46.41653060913086, -45.667877197265625, -44.91922378540039, -44.170570373535156, -43.42191696166992, -42.67325973510742, -41.92460632324219, -41.17595291137695, -40.42729949951172, -39.678646087646484, -38.92999267578125, -38.181339263916016, -37.43268585205078, -36.68403244018555, -35.93537902832031, -35.18672561645508, -34.438072204589844, -33.68941879272461, -32.94076156616211, -32.192108154296875, -31.443456649780273, -30.694801330566406, -29.946147918701172, -29.197494506835938, -28.448841094970703, -27.70018768310547, -26.951534271240234, -26.202878952026367, -25.454225540161133, -24.7055721282959, -23.956918716430664, -23.20826530456543, -22.459611892700195, -21.71095848083496, -20.962303161621094, -20.21364974975586, -19.464996337890625, -18.71634292602539, -17.967689514160156, -17.219036102294922, -16.470380783081055, -15.721728324890137, -14.973073959350586, -14.224420547485352, -13.475767135620117, -12.727112770080566, -11.978459358215332, -11.229805946350098, -10.481151580810547, -9.732498168945312, -8.983844757080078, -8.235190391540527, -7.486536979675293, -6.737883567810059, -5.989229679107666, -5.240575790405273, -4.491922378540039, -3.7432684898376465, -2.994614839553833, -2.2459611892700195, -1.4973074197769165, -0.7486537098884583, 0.0]}, "_runtime": 50, "_timestamp": 1642455610, "_step": 1993, "train_loss": 0.028722794726490974, "epoch": 4, "trainer/global_step": 1949, "_wandb": {"runtime": 48}}