{"logits": {"_type": "histogram", "values": [3, 1, 0, 0, 1, 0, 0, 0, 0, 0, 1, 1, 0, 0, 1, 0, 1, 0, 3, 3, 1, 2, 3, 1, 0, 2, 2, 7, 3, 6, 6, 10, 9, 9, 8, 4, 6, 8, 20, 16, 16, 13, 21, 15, 12, 16, 15, 16, 9, 13, 10, 11, 12, 8, 8, 8, 9, 2, 0, 3, 3, 1, 2, 39], "bins": [-48.355438232421875, -47.599884033203125, -46.844329833984375, -46.088775634765625, -45.333221435546875, -44.57767105102539, -43.82211685180664, -43.06656265258789, -42.31100845336914, -41.55545425415039, -40.79990005493164, -40.04434585571289, -39.288795471191406, -38.533241271972656, -37.777687072753906, -37.022132873535156, -36.266578674316406, -35.511024475097656, -34.755470275878906, -33.999916076660156, -33.244361877441406, -32.48881149291992, -31.733257293701172, -30.977703094482422, -30.222148895263672, -29.466594696044922, -28.711040496826172, -27.955488204956055, -27.199934005737305, -26.444379806518555, -25.688827514648438, -24.933273315429688, -24.177719116210938, -23.422164916992188, -22.666610717773438, -21.91105842590332, -21.15550422668457, -20.39995002746582, -19.644397735595703, -18.888843536376953, -18.133289337158203, -17.377735137939453, -16.622180938720703, -15.866628646850586, -15.111074447631836, -14.355520248413086, -13.599967002868652, -12.844413757324219, -12.088859558105469, -11.333305358886719, -10.577752113342285, -9.822198867797852, -9.066644668579102, -8.311090469360352, -7.555537223815918, -6.799983501434326, -6.044429779052734, -5.288876056671143, -4.533322334289551, -3.777768611907959, -3.022214889526367, -2.2666611671447754, -1.5111074447631836, -0.7555537223815918, 0.0]}, "_runtime": 61, "_timestamp": 1642545481, "_step": 1998, "train_loss": 0.013510250486433506, "epoch": 4, "trainer/global_step": 1954, "val_loss": 0.17559653520584106, "_wandb": {"runtime": 217}}