{"logits": {"_type": "histogram", "values": [1, 0, 0, 1, 0, 0, 0, 1, 0, 0, 1, 0, 0, 1, 0, 1, 1, 4, 1, 3, 0, 2, 1, 1, 1, 1, 3, 3, 4, 5, 5, 5, 9, 4, 8, 8, 8, 16, 15, 9, 11, 19, 15, 17, 13, 16, 12, 11, 14, 13, 13, 15, 11, 12, 6, 10, 11, 7, 3, 5, 0, 1, 1, 41], "bins": [-53.34569549560547, -52.512168884277344, -51.67864227294922, -50.845115661621094, -50.01158905029297, -49.178062438964844, -48.34453582763672, -47.511009216308594, -46.67748260498047, -45.843955993652344, -45.01042938232422, -44.176902770996094, -43.34337615966797, -42.509849548339844, -41.67632293701172, -40.842796325683594, -40.00926971435547, -39.17574691772461, -38.342220306396484, -37.50869369506836, -36.675167083740234, -35.84164047241211, -35.008113861083984, -34.17458724975586, -33.341060638427734, -32.50753402709961, -31.674007415771484, -30.84048080444336, -30.006954193115234, -29.17342758178711, -28.339900970458984, -27.50637435913086, -26.672847747802734, -25.83932113647461, -25.005794525146484, -24.17226791381836, -23.338741302490234, -22.50521469116211, -21.671688079833984, -20.83816146850586, -20.004634857177734, -19.171110153198242, -18.337583541870117, -17.504056930541992, -16.670530319213867, -15.837003707885742, -15.003477096557617, -14.169950485229492, -13.336423873901367, -12.502897262573242, -11.669370651245117, -10.835844039916992, -10.002317428588867, -9.168791770935059, -8.335265159606934, -7.501738548278809, -6.668211936950684, -5.834685325622559, -5.001158714294434, -4.167632579803467, -3.334105968475342, -2.500579357147217, -1.667052984237671, -0.8335264921188354, 0.0]}, "_runtime": 52, "_timestamp": 1642456031, "_step": 1998, "train_loss": 0.0796523168683052, "epoch": 4, "trainer/global_step": 1954, "val_loss": 0.18972796201705933, "_wandb": {"runtime": 50}}