{"logits": {"_type": "histogram", "values": [1, 0, 0, 0, 0, 0, 0, 0, 0, 0, 1, 0, 0, 0, 2, 0, 0, 1, 0, 1, 1, 1, 0, 1, 0, 2, 3, 1, 2, 1, 2, 2, 6, 5, 2, 6, 13, 9, 6, 7, 7, 14, 16, 12, 14, 18, 17, 18, 19, 27, 16, 15, 17, 12, 14, 9, 14, 4, 10, 2, 4, 2, 3, 40], "bins": [-54.34174346923828, -53.492652893066406, -52.64356231689453, -51.79447555541992, -50.94538497924805, -50.09629440307617, -49.2472038269043, -48.39811706542969, -47.54902648925781, -46.69993591308594, -45.85084533691406, -45.00175476074219, -44.15266799926758, -43.3035774230957, -42.45448684692383, -41.60539627075195, -40.756309509277344, -39.90721893310547, -39.058128356933594, -38.20903778076172, -37.359947204589844, -36.510860443115234, -35.66176986694336, -34.812679290771484, -33.96358871459961, -33.114498138427734, -32.265411376953125, -31.41632080078125, -30.567230224609375, -29.718141555786133, -28.869050979614258, -28.019962310791016, -27.17087173461914, -26.321781158447266, -25.472692489624023, -24.62360191345215, -23.774513244628906, -22.92542266845703, -22.07633399963379, -21.227243423461914, -20.378154754638672, -19.529064178466797, -18.679973602294922, -17.83088493347168, -16.981794357299805, -16.132705688476562, -15.283615112304688, -14.434525489807129, -13.58543586730957, -12.736346244812012, -11.887256622314453, -11.038166999816895, -10.189077377319336, -9.339986801147461, -8.490897178649902, -7.641807556152344, -6.792717933654785, -5.943628311157227, -5.094538688659668, -4.245448589324951, -3.3963589668273926, -2.547269344329834, -1.6981794834136963, -0.8490897417068481, 0.0]}, "_runtime": 52, "_timestamp": 1642455846, "_step": 1993, "train_loss": 0.10563769191503525, "epoch": 4, "trainer/global_step": 1949, "_wandb": {"runtime": 52}}