{"logits": {"_type": "histogram", "values": [1, 0, 0, 1, 0, 0, 0, 0, 0, 1, 0, 0, 2, 1, 1, 0, 1, 0, 1, 0, 1, 2, 1, 2, 2, 1, 4, 3, 10, 3, 10, 10, 6, 4, 13, 6, 12, 14, 13, 18, 15, 11, 7, 14, 16, 14, 12, 20, 9, 14, 13, 10, 12, 13, 3, 7, 8, 5, 5, 5, 2, 1, 0, 40], "bins": [-47.09672546386719, -46.36083984375, -45.62495422363281, -44.88906478881836, -44.15317916870117, -43.417293548583984, -42.6814079284668, -41.94552230834961, -41.209632873535156, -40.47374725341797, -39.73786163330078, -39.001976013183594, -38.266090393066406, -37.53020477294922, -36.794315338134766, -36.05842971801758, -35.32254409790039, -34.5866584777832, -33.850772857666016, -33.11488342285156, -32.378997802734375, -31.643112182617188, -30.9072265625, -30.17133903503418, -29.435453414916992, -28.699567794799805, -27.963680267333984, -27.227794647216797, -26.49190902709961, -25.75602149963379, -25.0201358795166, -24.28424835205078, -23.548362731933594, -22.812477111816406, -22.076589584350586, -21.3407039642334, -20.604816436767578, -19.86893081665039, -19.133045196533203, -18.397157669067383, -17.661272048950195, -16.925386428833008, -16.189498901367188, -15.45361328125, -14.717726707458496, -13.981840133666992, -13.245954513549805, -12.5100679397583, -11.774181365966797, -11.038294792175293, -10.302408218383789, -9.566522598266602, -8.830636024475098, -8.094749450683594, -7.358863353729248, -6.622977256774902, -5.887090682983398, -5.1512041091918945, -4.415318012237549, -3.679431676864624, -2.943545341491699, -2.2076590061187744, -1.4717726707458496, -0.7358863353729248, 0.0]}, "_runtime": 54, "_timestamp": 1642545390, "_step": 1998, "train_loss": 0.0810685008764267, "epoch": 4, "trainer/global_step": 1954, "val_loss": 0.15659303963184357, "_wandb": {"runtime": 52}}